{
    "model": "resnet50",
    "checkpoint": "/home/thaimq/DurianLeafProject/checkpoints/resnet50_img224_bs16_lr0.0001_sw1.0/best_resnet50_multitask.pth",
    "image_size": 224,
    "batch_size": 16,
    "disease_accuracy": 0.9207836456558773,
    "disease_precision_macro": 0.920215740972669,
    "disease_recall_macro": 0.9181868936330796,
    "disease_f1_macro": 0.9189686593684236,
    "severity_accuracy": 0.717206132879046,
    "severity_precision_macro": 0.7156479432195334,
    "severity_recall_macro": 0.6735033555945372,
    "severity_f1_macro": 0.6842272608594664,
    "total_params": 24561737,
    "trainable_params": 24561737,
    "flops": 4132747776.0,
    "flops_readable": "4.133G",
    "params_readable": "24.562M",
    "epoch": 38,
    "val_loss": 0.8605071094547773,
    "val_disease_acc": 0.9307692307692308,
    "val_severity_acc": 0.7264957264957265
}