{
    "model": "mobilenetv3_small",
    "checkpoint": "checkpoints/mobilenetv3_small_img224_bs16_lr0.0001_sw1.0/best_mobilenetv3_small_multitask.pth",
    "image_size": 224,
    "batch_size": 16,
    "disease_accuracy": 0.8185689948892675,
    "disease_precision_macro": 0.8202576184784774,
    "disease_recall_macro": 0.8112371767510005,
    "disease_f1_macro": 0.8136111669706022,
    "severity_accuracy": 0.6260647359454855,
    "severity_precision_macro": 0.619469607803347,
    "severity_recall_macro": 0.6187876003730248,
    "severity_f1_macro": 0.6146590099681501,
    "total_params": 1521463,
    "trainable_params": 1521463,
    "flops": 61169888.0,
    "flops_readable": "61.170M",
    "params_readable": "1.521M",
    "epoch": 57,
    "val_loss": 1.2889177517249033,
    "val_disease_acc": 0.8264957264957264,
    "val_severity_acc": 0.6504273504273504
}