{
    "model": "densenet121",
    "checkpoint": "checkpoints/densenet121_img224_bs16_lr0.0001_sw1.0/best_densenet121_multitask.pth",
    "image_size": 224,
    "batch_size": 16,
    "disease_accuracy": 0.9412265758091993,
    "disease_precision_macro": 0.942036742793366,
    "disease_recall_macro": 0.9393534688747065,
    "disease_f1_macro": 0.9404208288596477,
    "severity_accuracy": 0.6729131175468483,
    "severity_precision_macro": 0.6583315528973819,
    "severity_recall_macro": 0.6514224508629711,
    "severity_f1_macro": 0.649911879558124,
    "total_params": 7483273,
    "trainable_params": 7483273,
    "flops": 2896563200.0,
    "flops_readable": "2.897G",
    "params_readable": "7.483M",
    "epoch": 45,
    "val_loss": 0.905461465038009,
    "val_disease_acc": 0.935042735042735,
    "val_severity_acc": 0.7042735042735043
}