{
    "model": "resnet18",
    "checkpoint": "checkpoints/resnet18_img224_bs16_lr0.0001_sw1.0/best_resnet18_multitask.pth",
    "image_size": 224,
    "batch_size": 16,
    "disease_accuracy": 0.934412265758092,
    "disease_precision_macro": 0.9339216335875717,
    "disease_recall_macro": 0.9333523854878731,
    "disease_f1_macro": 0.9331915096110508,
    "severity_accuracy": 0.7001703577512777,
    "severity_precision_macro": 0.6889478115836454,
    "severity_recall_macro": 0.6664493274748717,
    "severity_f1_macro": 0.6735972145123112,
    "total_params": 11443785,
    "trainable_params": 11443785,
    "flops": 1823788544.0,
    "flops_readable": "1.824G",
    "params_readable": "11.444M",
    "epoch": 47,
    "val_loss": 0.8888575866308986,
    "val_disease_acc": 0.9341880341880342,
    "val_severity_acc": 0.6974358974358974
}