{
    "model": "mobilenetv2",
    "checkpoint": "checkpoints/mobilenetv2_img224_bs16_lr0.0001_sw1.0/best_mobilenetv2_multitask.pth",
    "image_size": 224,
    "batch_size": 16,
    "disease_accuracy": 0.8884156729131175,
    "disease_precision_macro": 0.8859990098600422,
    "disease_recall_macro": 0.8832322314117402,
    "disease_f1_macro": 0.8842485536691506,
    "severity_accuracy": 0.65587734241908,
    "severity_precision_macro": 0.6490437245014318,
    "severity_recall_macro": 0.6427129158438742,
    "severity_f1_macro": 0.6440377942264136,
    "total_params": 2884361,
    "trainable_params": 2884361,
    "flops": 326930688.0,
    "flops_readable": "326.931M",
    "params_readable": "2.884M",
    "epoch": 57,
    "val_loss": 1.0186143473936962,
    "val_disease_acc": 0.8897435897435897,
    "val_severity_acc": 0.6846153846153846
}